taxon	Menthane monoterpenoids	Gallotannins	Isoquinoline alkaloids	Labdane diterpenoids	Oleanane triterpenoids	Flavanones	Lupane triterpenoids	Acyclic monoterpenoids	Furofuranoid lignans	Anthraquinones and anthrones	Isocoumarins	Neolignans	Iridoids monoterpenoids	Flavonols	Simple indole alkaloids	Kaurane and Phyllocladane diterpenoids	Quinoline alkaloids	Flavones	Pyridine alkaloids	Simple coumarins
Aptandraceae	0.0	0.0	0.0	0.0	0.0909	0.0	0.0455	0.0	0.0	0.0	0.0	0.0455	0.0	0.0455	0.0	0.0	0.0	0.0455	0.0	0.0
Thesiaceae	0.0	0.0333	0.0	0.0	0.2333	0.0	0.2333	0.0	0.0	0.0667	0.0	0.0	0.0	0.0333	0.0	0.0	0.0	0.0	0.0	0.0333
Cervantesiaceae	0.0	0.0	0.1467	0.0	0.0	0.16	0.0	0.0	0.0267	0.0	0.0	0.0	0.0	0.0133	0.0	0.0	0.0	0.0667	0.0	0.0
Viscaceae	0.0162	0.004	0.0162	0.0162	0.0607	0.1093	0.0283	0.0	0.0202	0.0	0.0	0.0	0.0202	0.1255	0.0	0.0	0.0	0.0202	0.0081	0.004
Siparunaceae	0.0	0.0833	0.2083	0.0	0.0	0.0	0.0	0.0417	0.0	0.0	0.0	0.0	0.0	0.0833	0.0	0.0	0.0	0.0	0.0	0.0417
Achariaceae	0.0	0.0	0.0	0.1633	0.0408	0.0102	0.0	0.0102	0.0	0.0	0.0	0.0	0.0	0.0816	0.0	0.0	0.0	0.0612	0.0	0.0
Anastrophyllaceae	0.0	0.0	0.0	0.0	0.0462	0.0	0.0923	0.0	0.0308	0.0	0.0	0.0	0.0	0.0308	0.0	0.0	0.0	0.0154	0.0	0.0769
Nartheciaceae	0.0179	0.0	0.0179	0.0	0.0357	0.0	0.0357	0.0	0.0179	0.0	0.0	0.0	0.0	0.1071	0.0	0.0	0.0	0.125	0.0	0.0
Cystopteridaceae	0.0	0.0187	0.0	0.0	0.0187	0.0	0.0187	0.0	0.0	0.0	0.0	0.0	0.0093	0.1215	0.0	0.0	0.0	0.0187	0.0	0.0
Athyriaceae	0.0	0.0	0.0	0.0	0.069	0.0	0.0345	0.0	0.0	0.0	0.0	0.0345	0.0	0.069	0.0	0.0	0.0	0.0345	0.0	0.0
Pandaceae	0.0	0.0	0.0	0.0	0.0	0.0	0.0	0.0	0.0	0.0	0.0	0.0	0.0	0.5	0.0	0.0	0.0	0.1429	0.0	0.0
Bonnetiaceae	0.0	0.0	0.0	0.0	0.0	0.0455	0.0	0.0	0.0	0.0	0.0	0.0	0.0	0.0909	0.0	0.0	0.0	0.1364	0.0	0.0
Cardiopteridaceae	0.0	0.0	0.0	0.0	0.2857	0.0	0.0714	0.0	0.0	0.0	0.0	0.0	0.0	0.0	0.0	0.0	0.0	0.1429	0.0	0.0
Pentaphylacaceae	0.0	0.0152	0.0	0.0	0.197	0.0	0.0455	0.0	0.0	0.0	0.0	0.0	0.0606	0.0455	0.0	0.0	0.0	0.0303	0.0	0.0
Lepidoziaceae	0.0084	0.0	0.0	0.0084	0.0	0.0	0.0	0.0	0.0	0.0	0.0	0.0	0.0	0.0	0.0	0.0	0.0	0.0	0.0	0.0084
Anthocerotaceae	0.0	0.0	0.2692	0.0	0.0	0.0385	0.0	0.0	0.0	0.0	0.0	0.0	0.0	0.0	0.0385	0.0	0.0	0.0	0.0	0.0
Pteridaceae	0.006	0.003	0.003	0.0045	0.0113	0.0301	0.006	0.0098	0.003	0.0075	0.0023	0.0023	0.0053	0.1288	0.0	0.0053	0.0	0.0633	0.0	0.0083
Ophioglossaceae	0.0	0.0	0.08	0.0057	0.0	0.0114	0.0057	0.0057	0.0171	0.0	0.0	0.0	0.0	0.0971	0.0	0.04	0.0057	0.1371	0.0	0.0286
Torricelliaceae	0.0	0.0	0.0	0.0	0.0	0.0	0.01	0.0	0.02	0.0	0.0	0.0	0.0	0.02	0.0	0.0	0.0	0.0	0.0	0.06
Adelanthaceae	0.0	0.0	0.0	0.0192	0.0577	0.0	0.0	0.0192	0.0	0.0	0.0192	0.0	0.0	0.0577	0.0	0.0	0.0	0.0962	0.0	0.0
Radulaceae	0.0	0.0	0.0337	0.0	0.0	0.0	0.0	0.0	0.0	0.0	0.0	0.0	0.0	0.0	0.0	0.0	0.0	0.0337	0.0	0.0
Juncaceae	0.0089	0.0	0.0	0.0	0.0	0.0	0.0	0.0	0.0	0.0089	0.0	0.0	0.0179	0.0089	0.0	0.0	0.0	0.125	0.0	0.0625
Restionaceae	0.0	0.0	0.0	0.0	0.0	0.0	0.0	0.0	0.0	0.0	0.0	0.0	0.0	0.3137	0.0	0.0	0.0196	0.0588	0.0	0.0
Bathycoccaceae	0.0	0.0	0.0	0.0	0.0	0.0	0.0	0.0	0.0	0.0	0.0	0.0	0.0	0.0	0.0	0.0	0.0	0.0	0.0192	0.0
Calceolariaceae	0.0	0.0	0.0	0.0	0.0299	0.0	0.0	0.0	0.0	0.0	0.0	0.0	0.0	0.2239	0.0	0.0149	0.0	0.0597	0.0	0.0299
Paulowniaceae	0.0328	0.0	0.0	0.0	0.0	0.377	0.0	0.0	0.0492	0.0	0.0	0.0	0.0492	0.0164	0.0	0.0	0.0	0.0492	0.0	0.0
Heliotropiaceae	0.0	0.0055	0.0384	0.0	0.0137	0.0082	0.0055	0.0	0.011	0.0027	0.0	0.0027	0.0027	0.1151	0.0	0.0192	0.0027	0.0219	0.0082	0.0055
Ehretiaceae	0.0	0.3095	0.0	0.0	0.0238	0.0	0.0	0.0	0.0	0.0119	0.0476	0.0238	0.0	0.0714	0.0	0.0	0.0	0.0	0.0119	0.0119
Cordiaceae	0.0041	0.0285	0.0	0.0	0.0569	0.0935	0.0244	0.0041	0.0	0.0	0.0	0.0	0.0	0.0772	0.0	0.0	0.0	0.0528	0.0122	0.0041
Plantaginaceae	0.0027	0.0203	0.0057	0.0134	0.013	0.0077	0.0123	0.0015	0.0057	0.0103	0.0031	0.0027	0.1545	0.0372	0.0019	0.0027	0.0008	0.0682	0.0019	0.0019
Linderniaceae	0.0	0.0	0.0	0.0	0.0833	0.0	0.0	0.0	0.0	0.0	0.0	0.0	0.0	0.0	0.0	0.0	0.0	0.25	0.0	0.0
Potamogetonaceae	0.0	0.0	0.0	0.3182	0.0	0.0	0.0	0.0	0.0303	0.0	0.0	0.0	0.0	0.0303	0.0	0.0	0.0	0.0152	0.0	0.0
Pontederiaceae	0.0204	0.0	0.0408	0.0	0.0	0.0	0.0	0.0	0.0204	0.0408	0.0	0.0	0.0	0.0204	0.0	0.0	0.0204	0.102	0.0	0.1429
Velloziaceae	0.0	0.0	0.0	0.0	0.0	0.0	0.0833	0.0	0.0	0.0	0.0	0.0	0.0	0.1389	0.0	0.0278	0.0	0.1389	0.0	0.0
Goodeniaceae	0.0	0.0	0.0	0.0	0.0625	0.0	0.0	0.0	0.0	0.0	0.0625	0.0	0.125	0.0	0.0	0.0	0.0	0.0	0.0	0.0625
Clethraceae	0.037	0.0	0.0	0.0741	0.0	0.0	0.0	0.0	0.0	0.0	0.0	0.0	0.0	0.1111	0.0	0.1852	0.0	0.0	0.0	0.0
Diapensiaceae	0.0143	0.0	0.0	0.0	0.0571	0.0	0.0	0.0	0.0	0.0	0.0	0.0	0.0	0.0571	0.0	0.0	0.0	0.0	0.0	0.0
Cercidiphyllaceae	0.0	0.4118	0.0	0.0	0.0	0.0	0.0	0.0	0.0	0.0	0.0	0.0	0.0	0.1765	0.0	0.0	0.0	0.0	0.0	0.0
Eupteleaceae	0.037	0.0	0.0	0.0	0.7037	0.0	0.1111	0.0	0.0	0.0	0.0	0.0	0.0	0.0	0.0	0.0	0.0	0.0	0.0	0.0
Juglandaceae	0.0043	0.0936	0.0	0.0	0.0511	0.0043	0.0128	0.0021	0.0043	0.0128	0.0	0.0021	0.0021	0.0638	0.0043	0.0	0.0021	0.0106	0.0021	0.0085
Aristolochiaceae	0.0089	0.1014	0.0463	0.0053	0.0142	0.0018	0.0036	0.0036	0.0196	0.0018	0.0107	0.0089	0.0	0.0391	0.0071	0.0053	0.0	0.0142	0.0053	0.0018
Schisandraceae	0.0252	0.001	0.0	0.0019	0.0058	0.001	0.0097	0.0223	0.0029	0.001	0.0	0.0223	0.001	0.0145	0.0019	0.0019	0.0	0.0029	0.0019	0.0068
Chloranthaceae	0.0079	0.0079	0.0119	0.0159	0.0	0.0119	0.004	0.004	0.0119	0.0	0.0	0.0833	0.0	0.0714	0.004	0.0	0.0	0.0159	0.0	0.0317
Piperaceae	0.0256	0.0172	0.0113	0.0044	0.0236	0.028	0.0034	0.0197	0.0118	0.0	0.0034	0.032	0.002	0.0197	0.0034	0.0025	0.0015	0.0143	0.0044	0.0044
Saururaceae	0.0291	0.0	0.0058	0.0	0.0	0.0	0.0	0.032	0.0029	0.0	0.0	0.0901	0.0	0.0523	0.0174	0.0	0.0	0.0	0.0058	0.0029
Mystropetalaceae	0.0	0.0	0.0	0.0	0.0	0.0	0.0	0.0714	0.0	0.0	0.0	0.0	0.0	0.0	0.0	0.0	0.0	0.0	0.0	0.0
Dipentodontaceae	0.0	0.0556	0.0	0.0	0.0	0.0	0.0556	0.0	0.0	0.0	0.0	0.0	0.0	0.2222	0.0	0.0	0.0	0.0	0.0	0.0
Chenopodiaceae	0.0114	0.0049	0.0479	0.0073	0.0731	0.0089	0.0073	0.0016	0.0016	0.0049	0.0016	0.017	0.0016	0.1266	0.0106	0.0049	0.0032	0.0244	0.0057	0.0081
Namaceae	0.0	0.0	0.0	0.0	0.0	0.0933	0.0	0.0133	0.0	0.0	0.0	0.0	0.0	0.64	0.0	0.0	0.0	0.16	0.0	0.0
Taccaceae	0.0	0.0	0.0	0.0	0.0141	0.0	0.0	0.0	0.0	0.0	0.0	0.0	0.0	0.0141	0.0	0.0141	0.0	0.0	0.0	0.0
Ebenaceae	0.0027	0.0071	0.0062	0.0	0.0508	0.0205	0.122	0.0134	0.0098	0.008	0.0053	0.0018	0.0027	0.0561	0.0045	0.0027	0.0053	0.0062	0.0027	0.0098
Styracaceae	0.0102	0.0357	0.0051	0.0	0.0867	0.0051	0.0051	0.0102	0.0255	0.0	0.0051	0.148	0.0153	0.0204	0.0	0.0	0.0	0.0153	0.0	0.0051
Symplocaceae	0.0	0.0	0.0106	0.0	0.4043	0.0	0.0	0.0	0.0532	0.0	0.0106	0.0106	0.0213	0.0426	0.0	0.0	0.0	0.0	0.0	0.0
Gymnomitriaceae	0.0086	0.0	0.0	0.0	0.0	0.0	0.0	0.0	0.0	0.0	0.0	0.0	0.0	0.0	0.0	0.0	0.0086	0.0	0.0	0.0
Gentianaceae	0.0049	0.0016	0.0049	0.0087	0.0481	0.006	0.0071	0.0087	0.0044	0.0	0.0016	0.0016	0.0213	0.0432	0.0044	0.0044	0.0011	0.0667	0.0137	0.0071
Limnanthaceae	0.0	0.0	0.0	0.0	0.0	0.0	0.0	0.0	0.0	0.0	0.0	0.0	0.0	0.75	0.0	0.0	0.0	0.0	0.0	0.0
Boraginaceae	0.0069	0.0336	0.0146	0.0069	0.0138	0.0121	0.0026	0.006	0.0043	0.0155	0.0052	0.0181	0.0034	0.0835	0.0034	0.0069	0.0095	0.0276	0.0043	0.0233
Goupiaceae	0.0	0.0	0.0	0.0	0.0	0.0	0.0156	0.0	0.0312	0.0	0.0	0.0	0.0	0.0625	0.0	0.0	0.0156	0.0	0.0	0.0
Verbenaceae	0.0359	0.0	0.0013	0.0	0.0518	0.0013	0.0027	0.0279	0.0027	0.0027	0.0	0.0013	0.0677	0.0279	0.0	0.0	0.0013	0.1301	0.0	0.004
Hernandiaceae	0.0	0.0	0.3179	0.0	0.0	0.0066	0.0	0.0	0.0795	0.0	0.0066	0.0066	0.0	0.0	0.0	0.0	0.0199	0.0	0.0	0.0132
Monimiaceae	0.0236	0.0	0.1181	0.0079	0.0157	0.0	0.0157	0.0	0.0157	0.0	0.0472	0.0236	0.0	0.0551	0.0	0.0	0.1102	0.0	0.0	0.0157
Amborellaceae	0.0	0.0	0.0	0.0	0.0	0.0	0.0	0.0	0.0	0.0	0.0	0.0	0.0	0.0	0.0	0.0102	0.0	0.0	0.0102	0.0
Erythroxylaceae	0.0	0.015	0.0	0.0226	0.0	0.0	0.0	0.0	0.0	0.0	0.0	0.0	0.0	0.1128	0.0	0.0	0.0	0.0	0.0301	0.015
Annonaceae	0.0134	0.0015	0.1244	0.0032	0.0112	0.0185	0.0015	0.0092	0.0073	0.0046	0.001	0.0044	0.0022	0.0457	0.0068	0.0117	0.0024	0.0277	0.0032	0.0053
Myristicaceae	0.0287	0.0177	0.0132	0.0022	0.011	0.0199	0.0155	0.0177	0.0265	0.0	0.0044	0.0861	0.0022	0.0243	0.0088	0.0	0.0022	0.011	0.0022	0.0132
Austrobaileyaceae	0.0385	0.0	0.0	0.0	0.0	0.0	0.0	0.0	0.0	0.0	0.0	0.0385	0.0	0.0	0.0	0.0	0.0	0.0	0.0	0.0
Lardizabalaceae	0.0454	0.0068	0.0	0.0	0.2336	0.0	0.0159	0.0227	0.0113	0.0091	0.0	0.0045	0.0091	0.0113	0.0045	0.0	0.0	0.0	0.0	0.0
Lophoziaceae	0.0	0.0	0.0	0.0	0.0	0.0	0.0196	0.0196	0.0	0.0	0.0	0.0	0.0	0.0	0.0	0.0	0.0	0.0	0.0	0.0392
Sabiaceae	0.0	0.0465	0.0	0.0	0.2791	0.0	0.0698	0.0	0.0	0.0	0.0	0.0	0.0	0.0233	0.0	0.0	0.0	0.1395	0.0	0.0
Chrysobalanaceae	0.0	0.0	0.0	0.0	0.0741	0.037	0.0247	0.0	0.0	0.0	0.0	0.0	0.0	0.2346	0.0	0.0	0.0	0.1605	0.0	0.0
Leeaceae	0.0	0.0	0.0	0.0	0.0	0.0	0.0	0.0	0.0	0.0	0.0	0.0	0.0	0.1875	0.0	0.0	0.0	0.0	0.0	0.0
Grossulariaceae	0.0168	0.0084	0.0	0.0	0.0	0.0	0.0084	0.0168	0.0084	0.0	0.0	0.0	0.0168	0.1597	0.0168	0.0	0.0	0.0084	0.0	0.0168
Hydrangeaceae	0.0	0.0	0.0	0.0	0.0291	0.0	0.0058	0.0	0.0	0.0233	0.1047	0.0	0.0116	0.0581	0.0	0.0	0.0	0.0233	0.0058	0.093
Pittosporaceae	0.057	0.0	0.0104	0.0	0.0259	0.0104	0.0052	0.0466	0.0052	0.0	0.0	0.0	0.0	0.0207	0.0	0.0	0.0	0.1347	0.0	0.0207
Putranjivaceae	0.0177	0.0088	0.0	0.0354	0.1504	0.0	0.0796	0.0	0.0	0.0177	0.0	0.0	0.0177	0.0354	0.0	0.0	0.0	0.0265	0.0	0.0088
Phyllanthaceae	0.0013	0.0712	0.0026	0.0	0.0505	0.0207	0.0298	0.0091	0.013	0.0013	0.0155	0.0091	0.0039	0.0894	0.0104	0.0013	0.0052	0.0207	0.0026	0.0091
Picrodendraceae	0.0	0.0	0.0	0.0	0.0244	0.0	0.0	0.0	0.0	0.0	0.0	0.0	0.0	0.0	0.0	0.0	0.0244	0.0244	0.0	0.0244
Rutaceae	0.0246	0.0099	0.0152	0.004	0.0133	0.0227	0.0072	0.0313	0.0097	0.0049	0.0014	0.0029	0.0007	0.0563	0.0046	0.0018	0.0681	0.0376	0.0025	0.0773
Sapindaceae	0.0075	0.0415	0.0091	0.0008	0.1287	0.0174	0.0125	0.0083	0.005	0.005	0.0017	0.0083	0.0058	0.1196	0.0017	0.0	0.0017	0.0274	0.0008	0.0208
Simaroubaceae	0.0032	0.0011	0.0011	0.0	0.0213	0.0277	0.0032	0.0	0.0138	0.0	0.0	0.0032	0.0	0.0223	0.0106	0.0011	0.0053	0.0202	0.0053	0.0074
Bignoniaceae	0.0049	0.0041	0.0008	0.0049	0.027	0.0098	0.0065	0.0041	0.0115	0.0295	0.0049	0.0196	0.0638	0.0499	0.0008	0.0	0.0033	0.0696	0.0098	0.0041
Menyanthaceae	0.0	0.0	0.0	0.0	0.0345	0.0	0.0	0.0	0.0	0.0	0.0	0.0	0.069	0.5517	0.0	0.0	0.0	0.0	0.0	0.0345
Polemoniaceae	0.0	0.0	0.0	0.05	0.0167	0.0	0.0667	0.0	0.0	0.0	0.0	0.0	0.0167	0.2	0.0	0.0	0.0	0.0667	0.0	0.0667
Woodsiaceae	0.0	0.0	0.0	0.0	0.0	0.0	0.0	0.0	0.0	0.0	0.0	0.2	0.0	0.2667	0.0	0.0	0.0	0.0333	0.0	0.0
Fouquieriaceae	0.0294	0.0	0.0441	0.0	0.0	0.0	0.0	0.0	0.0147	0.0	0.0	0.2794	0.0882	0.0735	0.0	0.0	0.0	0.0294	0.0	0.0147
Violaceae	0.0174	0.0	0.0	0.0261	0.0435	0.0609	0.0087	0.0261	0.0087	0.0	0.0087	0.0	0.0	0.0087	0.0	0.0087	0.0	0.1565	0.0087	0.087
Dilleniaceae	0.0945	0.0315	0.0	0.0	0.0472	0.0079	0.0866	0.0079	0.0236	0.126	0.0	0.0079	0.0079	0.0866	0.0	0.0079	0.0	0.0157	0.0	0.0157
Paeoniaceae	0.0	0.0605	0.0064	0.0	0.0573	0.0032	0.0159	0.0159	0.0	0.0032	0.0032	0.0032	0.0318	0.0318	0.0	0.0	0.0	0.0096	0.0096	0.0032
Rubiaceae	0.0123	0.0057	0.0116	0.0081	0.0322	0.0128	0.0072	0.0092	0.0079	0.0782	0.0027	0.0062	0.0507	0.0596	0.0057	0.0045	0.0044	0.0374	0.0027	0.018
Taxaceae	0.0026	0.0013	0.0019	0.0019	0.0032	0.0052	0.0013	0.0045	0.0065	0.0019	0.0013	0.0065	0.0006	0.0214	0.0	0.0	0.0	0.0499	0.0006	0.0013
Araucariaceae	0.0057	0.0	0.0	0.12	0.0	0.0	0.0	0.0	0.0457	0.0	0.0	0.0114	0.0	0.0	0.0	0.0	0.0	0.32	0.0	0.0286
Balanophoraceae	0.0	0.1311	0.0055	0.0	0.0164	0.0219	0.0328	0.0	0.0273	0.0874	0.0109	0.0109	0.0	0.0164	0.0	0.0	0.0219	0.0	0.0	0.0219
Balsaminaceae	0.0	0.0	0.0	0.0278	0.25	0.0093	0.0	0.0	0.0	0.0	0.0	0.0	0.0	0.1481	0.0185	0.0	0.0	0.0833	0.0	0.037
Cymodoceaceae	0.0	0.0	0.0	0.5	0.0	0.0	0.0	0.0	0.0	0.0	0.0	0.0	0.0	0.0	0.0	0.0	0.0	0.0	0.0	0.0
Datiscaceae	0.0	0.0	0.0	0.0	0.0	0.0588	0.0	0.0	0.0588	0.0	0.0	0.0	0.0	0.3235	0.0	0.0	0.0	0.0	0.0	0.0
Elaeagnaceae	0.0054	0.0163	0.0	0.0	0.0271	0.0	0.0298	0.0054	0.0027	0.0	0.0	0.0054	0.0054	0.1057	0.0054	0.0108	0.0054	0.0136	0.0027	0.0054
Elaeocarpaceae	0.0	0.0533	0.0933	0.0	0.0	0.0133	0.0	0.0	0.0	0.0	0.0133	0.0	0.0	0.0133	0.0133	0.0	0.0	0.0	0.0	0.0267
Eriocaulaceae	0.0	0.0	0.0	0.0	0.0103	0.0	0.0	0.0	0.0	0.0103	0.1134	0.0	0.0	0.3093	0.0	0.0	0.0	0.1443	0.0	0.0
Gesneriaceae	0.0049	0.0	0.0	0.0	0.0146	0.0244	0.0049	0.0	0.0	0.0683	0.0	0.0098	0.0146	0.0049	0.0	0.0	0.0	0.0683	0.0	0.0
Gyrostemonaceae	0.0	0.0185	0.0	0.0	0.1667	0.0	0.0	0.0185	0.0	0.0	0.0	0.0	0.0	0.0926	0.0	0.0	0.0	0.0	0.0	0.0
Hydrocharitaceae	0.0	0.0	0.0	0.0	0.0	0.0	0.0	0.0	0.0	0.0	0.0	0.0	0.0	0.05	0.0	0.0	0.0	0.55	0.0	0.0
Iridaceae	0.0115	0.0089	0.0013	0.0	0.0077	0.0128	0.0051	0.0102	0.0026	0.0128	0.0	0.0	0.0038	0.0944	0.0	0.0	0.0013	0.0702	0.0026	0.0038
Loganiaceae	0.0	0.0025	0.0074	0.0429	0.0061	0.0061	0.0037	0.0037	0.0086	0.0012	0.0025	0.0	0.0319	0.0417	0.0074	0.0025	0.0074	0.0196	0.0025	0.0098
Myricaceae	0.0029	0.0116	0.0436	0.0058	0.0465	0.0843	0.0087	0.0029	0.0058	0.0	0.0058	0.0	0.0	0.0698	0.0	0.0203	0.0058	0.0203	0.0087	0.0029
Nothofagaceae	0.0161	0.0081	0.0	0.0	0.0323	0.0242	0.0161	0.0	0.0161	0.0	0.0	0.1613	0.0	0.2097	0.0	0.0	0.0	0.0484	0.0	0.0
Resedaceae	0.009	0.009	0.009	0.0	0.0	0.0	0.009	0.009	0.009	0.0	0.0	0.0	0.0	0.2162	0.009	0.0	0.0	0.036	0.0	0.018
Theaceae	0.0043	0.0519	0.0	0.0029	0.1284	0.0058	0.013	0.0101	0.0029	0.0058	0.0014	0.0029	0.0014	0.0606	0.0014	0.0014	0.0029	0.0173	0.0289	0.0043
Zosteraceae	0.0	0.025	0.0	0.0	0.075	0.0	0.0	0.0	0.0	0.0	0.0	0.0	0.0	0.075	0.0	0.0	0.0	0.2	0.0	0.0
Cephaloziellaceae	0.0	0.0	0.0	0.0	0.0	0.0	0.0	0.0	0.0	0.0	0.1	0.0	0.0	0.0	0.0	0.0	0.0	0.0	0.0	0.0
Hylocomiaceae	0.0638	0.0	0.0	0.0638	0.0	0.0	0.0	0.0106	0.0106	0.0	0.0	0.0319	0.0	0.0532	0.0	0.0	0.0	0.0319	0.0	0.0
Asaraceae	0.1131	0.0	0.0073	0.0	0.0	0.0073	0.0	0.0292	0.0401	0.0	0.0036	0.0182	0.0036	0.0219	0.0	0.0	0.0	0.0	0.0	0.0036
Marchantiaceae	0.0	0.0	0.0	0.0	0.0	0.0	0.0	0.0	0.0	0.0	0.0065	0.0	0.0	0.0	0.0065	0.013	0.0	0.0519	0.0065	0.0
Blechnaceae	0.0985	0.0076	0.0	0.0	0.0	0.0152	0.0	0.0076	0.0	0.0606	0.0	0.053	0.0076	0.0758	0.0076	0.0	0.0	0.0303	0.0	0.0227
Dryopteridaceae	0.0	0.0138	0.0034	0.0	0.0034	0.0552	0.0034	0.0	0.0034	0.0034	0.0	0.0	0.0	0.1379	0.0069	0.0	0.0069	0.0241	0.0034	0.0172
Thelypteridaceae	0.0	0.0	0.0	0.0	0.0473	0.027	0.0	0.0	0.0	0.0135	0.0	0.0	0.0	0.1014	0.0068	0.0	0.0068	0.0676	0.0068	0.0338
Hymenophyllaceae	0.0	0.0	0.0	0.0	0.0	0.0	0.0	0.0	0.0	0.0	0.0	0.0	0.0	0.1667	0.0	0.0	0.0	0.1667	0.0	0.1111
Cyatheaceae	0.0	0.0	0.0	0.0	0.0	0.0571	0.0	0.0	0.0	0.0	0.0	0.0	0.0	0.0571	0.0	0.0	0.0	0.0857	0.0	0.0
Davalliaceae	0.029	0.0207	0.0	0.0249	0.0	0.0124	0.0	0.0041	0.0041	0.0	0.0083	0.0166	0.0	0.0539	0.0	0.0	0.0	0.0249	0.0	0.0
Capparaceae	0.0087	0.013	0.0	0.0	0.0565	0.0087	0.0087	0.0043	0.0087	0.0	0.0	0.0	0.0	0.1174	0.0174	0.0	0.0043	0.013	0.013	0.0
Cleomaceae	0.0093	0.0	0.0327	0.0	0.0	0.028	0.0	0.0187	0.0	0.0	0.0	0.0	0.0093	0.243	0.0	0.0	0.0	0.028	0.0093	0.0093
Dunaliellaceae	0.0	0.0	0.0635	0.0159	0.0	0.0	0.0	0.0159	0.0159	0.0	0.0	0.0	0.0	0.0	0.0	0.0	0.0	0.0159	0.0	0.0
Chlamydomonadaceae	0.01	0.005	0.0	0.0	0.005	0.0	0.01	0.01	0.01	0.0	0.0	0.0	0.0	0.0	0.005	0.0	0.0	0.005	0.01	0.0
Oocystaceae	0.0	0.0	0.0	0.0	0.0	0.3704	0.0	0.0	0.0741	0.0	0.0	0.0	0.0	0.0	0.0	0.0	0.0	0.0	0.0	0.0
Scenedesmaceae	0.0	0.0	0.0	0.0	0.0	0.0	0.0	0.0	0.1667	0.0	0.0	0.0	0.0	0.0	0.0	0.0	0.0	0.0	0.0	0.0
Hydrodictyaceae	0.0	0.0	0.0	0.0	0.0	0.0	0.0	0.0	0.0	0.0	0.0	0.0	0.0	0.0	0.0769	0.0	0.0	0.0	0.0	0.0
Ulvaceae	0.011	0.0055	0.0	0.0165	0.0	0.0	0.0	0.0165	0.0	0.0	0.011	0.0	0.0	0.033	0.0	0.0385	0.0	0.0055	0.0	0.0
Bryopsidaceae	0.0	0.0	0.0	0.0	0.0	0.0	0.0	0.0	0.0	0.0	0.0	0.0	0.0	0.0	0.2	0.0	0.0	0.0	0.0	0.0
Codiaceae	0.0149	0.0	0.0149	0.0	0.0448	0.0	0.0149	0.0299	0.0	0.0	0.0	0.0149	0.0	0.0299	0.0	0.0	0.0	0.0149	0.0	0.0149
Characeae	0.0	0.0	0.0	0.0	0.0	0.0	0.0	0.0	0.0	0.0	0.0	0.0	0.0	0.0	0.0	0.0	0.0	0.0169	0.0	0.0
Jungermanniaceae	0.0	0.0	0.0	0.0	0.0	0.0	0.0	0.0	0.0	0.0	0.0	0.0	0.0	0.0	0.0	0.3333	0.0	0.0	0.0	0.0
Dennstaedtiaceae	0.0	0.0	0.0	0.0	0.0337	0.0842	0.0067	0.0	0.0	0.0202	0.0	0.0	0.0	0.101	0.0	0.0034	0.0034	0.0236	0.0101	0.0101
Polytrichaceae	0.0	0.0	0.0	0.0	0.0	0.0	0.0	0.0	0.0	0.0	0.0	0.0	0.0	0.0526	0.0	0.0	0.0	0.0526	0.0	0.0526
Funariaceae	0.0	0.0	0.0	0.0	0.0	0.0	0.0	0.0	0.0	0.0	0.0	0.0	0.0	0.0	0.0206	0.0	0.0	0.0	0.0103	0.0
Salviniaceae	0.0	0.0	0.0	0.0	0.0	0.0	0.0	0.0	0.0	0.0	0.0	0.0	0.025	0.025	0.0	0.0	0.0	0.025	0.0	0.0
Dicranaceae	0.0	0.0	0.0	0.0	0.0	0.0909	0.0	0.0	0.0	0.0	0.0	0.0	0.0	0.0	0.0	0.0	0.0	0.5455	0.0	0.0
Ceratophyllaceae	0.0	0.0	0.0	0.0	0.0093	0.0	0.0	0.0	0.0187	0.0	0.0	0.0093	0.0	0.0	0.0	0.0	0.0093	0.0374	0.0	0.0
Mniaceae	0.0	0.0455	0.0	0.0	0.0076	0.0303	0.0303	0.0	0.0152	0.0	0.0152	0.0	0.0152	0.0152	0.0	0.0	0.0	0.1742	0.0076	0.0303
Psilotaceae	0.0282	0.0141	0.0	0.0	0.0141	0.0282	0.0282	0.0282	0.0282	0.0	0.0	0.0	0.0	0.0845	0.0	0.0	0.0	0.0423	0.0	0.0141
Selaginellaceae	0.0	0.0	0.0	0.0	0.0038	0.0115	0.0	0.0	0.0115	0.0231	0.0	0.0	0.0	0.0038	0.0	0.0	0.0	0.2962	0.0038	0.0077
Lycopodiaceae	0.0065	0.0	0.0	0.0081	0.0049	0.0016	0.0032	0.0032	0.0	0.0032	0.0	0.0081	0.0	0.055	0.0016	0.0	0.0	0.0388	0.0291	0.0
Equisetaceae	0.0	0.0066	0.0	0.0	0.0	0.0	0.0	0.0066	0.0	0.0066	0.0066	0.0066	0.0	0.2434	0.0066	0.0	0.0	0.0658	0.0197	0.0
Marattiaceae	0.0	0.0	0.0	0.0	0.0	0.0128	0.0	0.0	0.0	0.0	0.0	0.0	0.0128	0.0128	0.0	0.0	0.0	0.0513	0.0	0.0385
Dicksoniaceae	0.0	0.0	0.0	0.0	0.0755	0.0755	0.0	0.0	0.0	0.0	0.0	0.0	0.0	0.0943	0.0	0.0	0.0	0.0377	0.0	0.0
Gleicheniaceae	0.0	0.0	0.0	0.088	0.008	0.008	0.016	0.008	0.008	0.0	0.0	0.0	0.0	0.072	0.008	0.016	0.0	0.0	0.0	0.0
Polypodiaceae	0.0028	0.0043	0.0156	0.0114	0.0299	0.0142	0.0028	0.0085	0.0014	0.0057	0.0028	0.0028	0.0	0.0626	0.0	0.0028	0.0142	0.0356	0.0014	0.01
Osmundaceae	0.0	0.0	0.0	0.0	0.0714	0.0	0.0	0.0	0.0	0.0	0.0	0.0	0.0	0.0714	0.0	0.0	0.0	0.0	0.0	0.0
Zamiaceae	0.0	0.0	0.01	0.0	0.0	0.0	0.0	0.0	0.0	0.0	0.0	0.0	0.0	0.01	0.0	0.0	0.01	0.06	0.01	0.01
Ginkgoaceae	0.005	0.005	0.0149	0.0	0.005	0.0	0.0	0.01	0.0149	0.0	0.0149	0.0	0.0	0.1741	0.0149	0.0	0.005	0.0796	0.0398	0.0149
Pinaceae	0.0236	0.0183	0.0026	0.0297	0.0077	0.0138	0.0024	0.0127	0.0059	0.0012	0.0059	0.0206	0.0009	0.053	0.0062	0.0012	0.0003	0.0221	0.0015	0.0053
Gyrothyraceae	0.0645	0.0	0.0	0.0968	0.0	0.0645	0.0	0.0645	0.0	0.0	0.0	0.0	0.0	0.0	0.0	0.0	0.0	0.0	0.0	0.0
Podocarpaceae	0.0124	0.0	0.0139	0.0263	0.0511	0.0108	0.0015	0.0062	0.0031	0.0015	0.0015	0.0	0.0	0.1362	0.0015	0.0015	0.0	0.0851	0.0	0.0077
Cupressaceae	0.0284	0.0107	0.0139	0.0394	0.0126	0.0028	0.0016	0.018	0.0041	0.0006	0.0006	0.0145	0.006	0.0331	0.0025	0.0028	0.0032	0.0495	0.0013	0.0041
Gnetaceae	0.0	0.0	0.0208	0.0	0.0083	0.0042	0.0	0.0167	0.0167	0.0	0.0	0.0042	0.0	0.0292	0.0	0.0	0.0	0.0458	0.0	0.0042
Ephedraceae	0.0197	0.0059	0.0	0.0	0.0256	0.0492	0.0079	0.0217	0.0039	0.0	0.0	0.0	0.0	0.0866	0.0	0.0	0.0	0.0335	0.0079	0.0079
Cycadaceae	0.0	0.0571	0.0	0.0	0.0857	0.0286	0.0381	0.0	0.0	0.0	0.0	0.0095	0.0	0.1429	0.0	0.0	0.0	0.0952	0.0	0.0
Magnoliaceae	0.0271	0.0093	0.057	0.0007	0.0043	0.0021	0.0043	0.0399	0.0535	0.0114	0.0021	0.082	0.0036	0.0292	0.0007	0.0	0.0007	0.01	0.0021	0.0093
Winteraceae	0.0	0.0	0.0	0.0	0.0548	0.0959	0.0137	0.0	0.0411	0.0	0.0	0.0	0.0	0.0411	0.0	0.0	0.0	0.0411	0.0	0.0
Canellaceae	0.0041	0.0	0.0	0.0	0.0	0.0	0.0	0.0083	0.0	0.0	0.0083	0.0	0.0	0.2273	0.0	0.0289	0.0	0.0124	0.0	0.0041
Calycanthaceae	0.038	0.0	0.0	0.0	0.0	0.0	0.0127	0.0127	0.0	0.0	0.0	0.0	0.0	0.0506	0.0506	0.0	0.0	0.1266	0.0	0.0127
Lauraceae	0.022	0.0149	0.0811	0.003	0.0127	0.0105	0.0088	0.0212	0.0157	0.0033	0.0017	0.0303	0.0041	0.0685	0.0011	0.0003	0.0025	0.0261	0.0028	0.0121
Ranunculaceae	0.0139	0.0053	0.0653	0.0031	0.0555	0.0069	0.0092	0.0106	0.0078	0.0088	0.0016	0.0059	0.002	0.0568	0.0024	0.0071	0.0035	0.0263	0.0024	0.009
Menispermaceae	0.0009	0.017	0.2825	0.0004	0.0187	0.0139	0.0074	0.0017	0.0052	0.0031	0.0026	0.0004	0.0017	0.0222	0.0004	0.0004	0.0017	0.0209	0.0013	0.0048
Coriariaceae	0.0	0.2571	0.0	0.0	0.0	0.0	0.0	0.0	0.0	0.0	0.0	0.0	0.0	0.0571	0.0	0.0	0.0	0.0	0.0	0.0
Papaveraceae	0.0019	0.0028	0.3872	0.0	0.0078	0.0041	0.0031	0.0009	0.0025	0.0012	0.0025	0.0009	0.0006	0.0272	0.0009	0.0044	0.0022	0.0103	0.0025	0.0066
Ulmaceae	0.009	0.0	0.0	0.0	0.0586	0.027	0.0225	0.009	0.0	0.0	0.0	0.0	0.0	0.1261	0.0045	0.0	0.018	0.027	0.0	0.0045
Cannabaceae	0.0127	0.0013	0.0	0.0	0.0038	0.0102	0.0076	0.0255	0.0051	0.0	0.0	0.0038	0.0038	0.0242	0.0	0.0076	0.0	0.0255	0.0025	0.0051
Moraceae	0.0073	0.0163	0.0057	0.001	0.015	0.0389	0.012	0.0083	0.0027	0.0047	0.0023	0.0077	0.0017	0.0542	0.0013	0.0003	0.0017	0.1361	0.002	0.03
Urticaceae	0.0033	0.1056	0.0	0.0	0.0396	0.0033	0.0132	0.0033	0.0066	0.0066	0.0066	0.0	0.0	0.0924	0.0099	0.0	0.0	0.033	0.0033	0.0099
Fagaceae	0.0102	0.0825	0.0008	0.0	0.0354	0.0086	0.0173	0.0094	0.0047	0.0134	0.0016	0.0039	0.0031	0.0786	0.0039	0.0039	0.0016	0.0362	0.0024	0.0063
Betulaceae	0.0027	0.0281	0.0	0.0027	0.0495	0.0308	0.0535	0.0013	0.004	0.004	0.0	0.004	0.0	0.1124	0.0027	0.0	0.0013	0.0388	0.004	0.0054
Casuarinaceae	0.0	0.193	0.0	0.0	0.1053	0.0	0.0	0.0	0.0	0.0	0.0	0.0351	0.0	0.1579	0.0	0.0	0.0	0.0175	0.0	0.0
Phytolaccaceae	0.0	0.1255	0.0	0.0081	0.4211	0.004	0.0081	0.0	0.004	0.0	0.0081	0.0324	0.0	0.0567	0.0	0.004	0.0	0.0283	0.0	0.0121
Nyctaginaceae	0.0	0.0	0.0045	0.0045	0.0225	0.0135	0.0045	0.0	0.0045	0.0	0.009	0.0	0.0	0.0991	0.0	0.0315	0.0	0.027	0.0	0.009
Aizoaceae	0.0084	0.0	0.0168	0.0	0.0112	0.0056	0.0	0.0084	0.014	0.0	0.0168	0.0223	0.0223	0.095	0.0	0.0	0.0028	0.0335	0.0028	0.0056
Caulerpaceae	0.0082	0.041	0.0	0.0	0.0	0.0	0.0	0.0082	0.0	0.1475	0.0	0.0	0.0	0.0656	0.0	0.0	0.0	0.0	0.0	0.0
Dichotomosiphonaceae	0.0377	0.0566	0.0	0.0755	0.0189	0.0	0.0189	0.0	0.0	0.0	0.0	0.0	0.0377	0.0943	0.0	0.0	0.0	0.0	0.0	0.0
Cladophoraceae	0.0	0.0	0.3182	0.0	0.0	0.0	0.0	0.0	0.0	0.0	0.0	0.0	0.0	0.0	0.0	0.0	0.0	0.0	0.0	0.0
Chlorellaceae	0.0156	0.0	0.0	0.0	0.0	0.0	0.0156	0.0	0.0	0.0	0.0	0.0	0.0	0.0312	0.0156	0.0156	0.0	0.0	0.0156	0.0
Haematococcaceae	0.0	0.0	0.0	0.0	0.0159	0.0	0.0	0.0	0.0	0.0	0.0	0.0	0.0	0.0317	0.0	0.0	0.0	0.0	0.0	0.0
Amaranthaceae	0.0	0.0022	0.0	0.0022	0.1312	0.0129	0.0151	0.0172	0.0065	0.0108	0.0043	0.0022	0.0022	0.0559	0.0	0.0	0.0	0.0301	0.0043	0.0086
Caryophyllaceae	0.0	0.002	0.0143	0.0072	0.127	0.0082	0.0123	0.001	0.0031	0.002	0.0031	0.0041	0.001	0.0379	0.0	0.0082	0.001	0.1219	0.002	0.0102
Portulacaceae	0.0214	0.0071	0.0143	0.0071	0.0429	0.0143	0.0071	0.0286	0.0	0.0429	0.0	0.0	0.0214	0.0429	0.0	0.0	0.0	0.05	0.0	0.0143
Didiereaceae	0.0	0.0	0.0	0.0	0.0	0.0	0.0	0.0	0.0161	0.0	0.0	0.0	0.0	0.3387	0.0	0.0	0.0	0.1129	0.0	0.0
Basellaceae	0.0167	0.0	0.0	0.0	0.2167	0.0	0.0	0.0167	0.0	0.0	0.0	0.0	0.0	0.0	0.0	0.0	0.0	0.0	0.0167	0.0
Molluginaceae	0.0	0.0	0.0	0.0	0.1053	0.0105	0.0421	0.0	0.0105	0.0	0.0	0.0211	0.0211	0.1053	0.0	0.0	0.0211	0.1158	0.0	0.0211
Cactaceae	0.0035	0.008	0.0319	0.0	0.0469	0.0434	0.0159	0.0044	0.0035	0.0142	0.0009	0.0009	0.0	0.0567	0.0018	0.0009	0.0018	0.0248	0.0053	0.0115
Vitaceae	0.0101	0.0343	0.0	0.0	0.0263	0.002	0.0141	0.0242	0.004	0.0061	0.0	0.002	0.0	0.0768	0.0061	0.0	0.0	0.0162	0.0	0.002
Rhamnaceae	0.0065	0.0037	0.0215	0.0299	0.0177	0.0084	0.0373	0.0065	0.0	0.0915	0.0	0.0009	0.0019	0.0859	0.0056	0.0084	0.0	0.0542	0.0	0.0093
Polygonaceae	0.0111	0.0189	0.0028	0.0	0.0166	0.0217	0.0111	0.0111	0.0023	0.137	0.0018	0.0037	0.0014	0.1172	0.0065	0.0	0.0055	0.0323	0.0014	0.0092
Actinidiaceae	0.0032	0.0	0.0	0.0159	0.0095	0.0	0.0	0.0159	0.0095	0.0063	0.0	0.0032	0.0476	0.0825	0.0	0.0063	0.0	0.0032	0.0127	0.0127
Malvaceae	0.0087	0.0017	0.0022	0.0056	0.0252	0.0043	0.0156	0.0061	0.0091	0.0039	0.0017	0.0122	0.0017	0.0773	0.003	0.003	0.0139	0.023	0.0035	0.0169
Lecythidaceae	0.0	0.0303	0.0	0.0	0.2727	0.0202	0.0303	0.0101	0.0	0.0	0.0	0.0	0.0	0.0606	0.0	0.0	0.0	0.0	0.0	0.0101
Caricaceae	0.0092	0.0183	0.0	0.0	0.0	0.0183	0.0	0.0092	0.0092	0.0	0.0092	0.0	0.0	0.1009	0.0	0.0	0.0	0.0367	0.0183	0.0092
Cucurbitaceae	0.0011	0.0027	0.0027	0.0011	0.0446	0.0038	0.0044	0.0016	0.0054	0.0109	0.0011	0.0136	0.0	0.0419	0.0076	0.0054	0.0005	0.0343	0.0011	0.0065
Begoniaceae	0.012	0.0	0.0	0.0	0.0361	0.012	0.0	0.0	0.0	0.012	0.0	0.0	0.0	0.0602	0.0241	0.0	0.0	0.0	0.012	0.012
Passifloraceae	0.01	0.0025	0.0276	0.0025	0.0075	0.0025	0.005	0.0075	0.01	0.0	0.0	0.0025	0.0	0.0426	0.0025	0.0	0.0351	0.1779	0.0	0.0175
Salicaceae	0.0	0.005	0.0312	0.007	0.0111	0.0151	0.005	0.002	0.006	0.0211	0.001	0.001	0.003	0.0583	0.001	0.005	0.002	0.0583	0.004	0.004
Brassicaceae	0.0083	0.0023	0.0015	0.0023	0.0088	0.012	0.0028	0.007	0.0035	0.0045	0.0015	0.004	0.0008	0.0563	0.0318	0.0043	0.002	0.0185	0.009	0.0043
Moringaceae	0.0215	0.0108	0.0	0.0	0.0	0.0323	0.0108	0.0645	0.0215	0.0	0.0	0.0	0.0	0.0645	0.0	0.0	0.0	0.0	0.0	0.0538
Sapotaceae	0.0	0.016	0.0	0.0	0.1067	0.0027	0.0187	0.0	0.0053	0.0027	0.008	0.0133	0.0107	0.168	0.0	0.0	0.0027	0.0427	0.0	0.0053
Aytoniaceae	0.0	0.0	0.0	0.0	0.0	0.0	0.0	0.0	0.0	0.0	0.0	0.0	0.0	0.0	0.0	0.0	0.0	0.0571	0.0	0.0
Metzgeriaceae	0.0	0.0	0.0	0.0	0.0789	0.0	0.0	0.0	0.0	0.0	0.0	0.0	0.0	0.0	0.0	0.0	0.0	0.4474	0.0	0.0
Bryaceae	0.0	0.0	0.0	0.0	0.1061	0.0152	0.0	0.0	0.0	0.0	0.0	0.0	0.0	0.1667	0.0	0.0	0.0	0.303	0.0	0.0
Brachytheciaceae	0.0	0.0	0.0	0.0	0.0164	0.0164	0.0164	0.0	0.0	0.0328	0.0	0.0164	0.0	0.0164	0.0	0.0492	0.0	0.0328	0.0	0.0
Rosaceae	0.0109	0.0244	0.0021	0.008	0.0287	0.0182	0.0102	0.017	0.0037	0.009	0.0021	0.0072	0.0008	0.0942	0.0063	0.0037	0.0031	0.0451	0.0043	0.0113
Cunoniaceae	0.0067	0.0604	0.0738	0.0	0.0	0.0336	0.0	0.0	0.0	0.0	0.0	0.0	0.0	0.2282	0.0	0.0	0.0067	0.094	0.0	0.0067
Crassulaceae	0.0146	0.0429	0.0023	0.0084	0.0115	0.0031	0.0046	0.036	0.0054	0.0138	0.0023	0.0169	0.0046	0.1831	0.0	0.0008	0.0	0.0215	0.0153	0.0153
Loasaceae	0.0	0.0	0.0	0.0	0.0	0.0926	0.0	0.0	0.0	0.0	0.0	0.0185	0.1296	0.1111	0.0	0.0	0.0	0.0556	0.0	0.037
Saxifragaceae	0.0358	0.0125	0.0	0.0072	0.1163	0.0018	0.0089	0.0161	0.0	0.0	0.0268	0.0036	0.0054	0.297	0.0	0.0	0.0	0.0447	0.0	0.0107
Halimedaceae	0.0	0.0	0.0084	0.0	0.0	0.0	0.0	0.0	0.0	0.0252	0.0	0.0	0.0	0.0	0.042	0.0	0.0	0.0	0.0	0.0
Fabaceae	0.006	0.01	0.0086	0.0058	0.0337	0.0301	0.0087	0.0045	0.0033	0.0126	0.0031	0.0047	0.0018	0.08	0.0059	0.0034	0.0022	0.0472	0.0189	0.013
Escalloniaceae	0.0	0.0	0.0	0.0217	0.0	0.0	0.0	0.0217	0.0217	0.0	0.0	0.0	0.0	0.087	0.0	0.0	0.0	0.0217	0.0	0.0
Lythraceae	0.0075	0.113	0.0032	0.0064	0.0245	0.033	0.0128	0.0085	0.0139	0.0011	0.0117	0.0235	0.0	0.049	0.0032	0.0096	0.0032	0.0458	0.0043	0.0139
Myrtaceae	0.0361	0.0295	0.0061	0.0074	0.0268	0.0149	0.0179	0.0229	0.0041	0.0017	0.0011	0.0088	0.0036	0.0607	0.0019	0.0036	0.0066	0.0317	0.0028	0.0091
Onagraceae	0.0	0.0814	0.0	0.0	0.0504	0.0891	0.0	0.0	0.0116	0.0	0.0	0.0	0.0	0.1938	0.0	0.0	0.0	0.0426	0.0116	0.0039
Combretaceae	0.0018	0.125	0.0018	0.0	0.1051	0.0181	0.0091	0.0018	0.0	0.0018	0.0091	0.0036	0.0	0.029	0.0	0.0127	0.0	0.0272	0.0054	0.0072
Santalaceae	0.0112	0.0	0.0056	0.0	0.0223	0.0	0.0	0.0223	0.0056	0.0056	0.0	0.0391	0.0	0.0391	0.0	0.0	0.0	0.0391	0.0223	0.0056
Loranthaceae	0.0	0.01	0.08	0.0	0.05	0.0	0.055	0.01	0.0	0.01	0.0	0.0	0.0	0.105	0.02	0.0	0.0	0.015	0.0	0.015
Olacaceae	0.0455	0.0	0.0	0.0	0.0455	0.0	0.0	0.0	0.0	0.0	0.0	0.0	0.0	0.0	0.0	0.0	0.0	0.0	0.0	0.0
Euphorbiaceae	0.0071	0.0372	0.0177	0.0097	0.0205	0.0203	0.0197	0.0028	0.0043	0.0056	0.0043	0.0115	0.0007	0.0506	0.0026	0.0136	0.0019	0.019	0.0037	0.0153
Jackiellaceae	0.0	0.0	0.0	0.0	0.1143	0.0286	0.0	0.0	0.0	0.0	0.0	0.0286	0.0	0.1714	0.0	0.0	0.0	0.0857	0.0	0.0
Simmondsiaceae	0.0	0.0	0.0	0.0167	0.0	0.0	0.0	0.0167	0.0167	0.0	0.0	0.0	0.0	0.0	0.0	0.0	0.0	0.0167	0.0	0.0
Thymelaeaceae	0.0036	0.0036	0.0018	0.0	0.0218	0.02	0.0154	0.0227	0.0354	0.0036	0.0064	0.0045	0.0	0.0772	0.0009	0.0009	0.0073	0.0463	0.0036	0.0545
Melastomataceae	0.0	0.2982	0.0	0.0	0.0292	0.0409	0.0292	0.0	0.0175	0.0	0.0	0.0	0.0	0.1053	0.0	0.0	0.0	0.0117	0.0	0.0058
Buxaceae	0.0035	0.0	0.0035	0.0105	0.014	0.0017	0.0017	0.0122	0.0	0.0	0.0	0.0	0.0	0.021	0.0087	0.0035	0.007	0.0385	0.0	0.0035
Rhizophoraceae	0.0	0.0	0.0312	0.0022	0.0179	0.0045	0.0402	0.0045	0.0112	0.0	0.0045	0.0067	0.0045	0.0312	0.0	0.0446	0.0022	0.0201	0.0022	0.0156
Linaceae	0.0	0.0	0.0	0.0	0.0	0.0	0.0	0.0075	0.0224	0.0	0.0	0.0	0.0	0.0149	0.0075	0.0149	0.0	0.1119	0.0075	0.0
Sarcolaenaceae	0.0	0.0833	0.0	0.0	0.0	0.2083	0.0417	0.0	0.0	0.0	0.0	0.0	0.0	0.0833	0.0	0.0	0.0	0.0	0.0	0.0
Frullaniaceae	0.0217	0.0	0.0	0.0	0.0	0.0	0.0	0.0342	0.0031	0.0	0.0	0.0	0.0	0.0342	0.0	0.0	0.0	0.0497	0.0	0.0031
Anacardiaceae	0.0088	0.0518	0.0064	0.0	0.0327	0.0223	0.0104	0.0032	0.0016	0.0056	0.0064	0.0024	0.0016	0.0422	0.0048	0.0024	0.0016	0.0191	0.004	0.0032
Burseraceae	0.0354	0.0032	0.0354	0.0	0.0514	0.0096	0.0161	0.0129	0.0064	0.0016	0.0113	0.008	0.0	0.0322	0.0	0.0113	0.0016	0.0177	0.0016	0.0096
Tropaeolaceae	0.0	0.0	0.0	0.0	0.0	0.0	0.0	0.0	0.0	0.0	0.0	0.0	0.0	0.1833	0.0167	0.0	0.0	0.1167	0.0	0.0167
Geraniaceae	0.0196	0.0783	0.0179	0.0049	0.0114	0.0457	0.0	0.0522	0.0033	0.0	0.0098	0.0	0.0	0.1305	0.0	0.0	0.0	0.0375	0.0065	0.0228
Oxalidaceae	0.0109	0.0	0.0	0.0	0.0109	0.0	0.0	0.0109	0.0	0.0	0.0	0.0	0.0	0.0652	0.0	0.0	0.0109	0.087	0.0109	0.0
Pelliaceae	0.0	0.0	0.0	0.0	0.0	0.0	0.0357	0.0357	0.0	0.0	0.0	0.0	0.0714	0.0	0.0	0.0	0.0	0.0	0.0	0.0
Apiaceae	0.0377	0.0055	0.0043	0.0004	0.0274	0.0024	0.0038	0.0217	0.0026	0.0018	0.0033	0.0045	0.0011	0.028	0.0024	0.0009	0.0031	0.0141	0.0021	0.1016
Araliaceae	0.0101	0.0014	0.0101	0.0014	0.1667	0.0018	0.0355	0.0078	0.017	0.0009	0.0	0.0032	0.0005	0.0216	0.0009	0.0055	0.0005	0.0138	0.0028	0.0152
Asparagaceae	0.0064	0.0044	0.0123	0.0034	0.0192	0.0054	0.0148	0.0049	0.0118	0.0034	0.0049	0.0034	0.0034	0.0379	0.0044	0.0044	0.0172	0.0217	0.003	0.0113
Apocynaceae	0.0058	0.0092	0.0077	0.0065	0.0192	0.0065	0.0113	0.0092	0.0058	0.0014	0.0016	0.0065	0.0099	0.0417	0.0052	0.0018	0.005	0.0217	0.0009	0.0072
Dipterocarpaceae	0.0236	0.0036	0.0	0.0	0.029	0.0181	0.0163	0.0309	0.0127	0.0145	0.0109	0.0073	0.0	0.069	0.0036	0.0	0.0054	0.0907	0.0	0.0127
Solanaceae	0.0086	0.0034	0.005	0.0062	0.0205	0.0081	0.0052	0.0114	0.0027	0.0074	0.0017	0.0034	0.001	0.0478	0.005	0.0013	0.0037	0.0168	0.0421	0.0128
Convolvulaceae	0.0078	0.0042	0.0042	0.0014	0.017	0.0057	0.0099	0.0057	0.0113	0.0106	0.0064	0.024	0.0007	0.053	0.005	0.0106	0.0021	0.0283	0.005	0.0106
Colchicaceae	0.0273	0.0234	0.0195	0.0176	0.0195	0.0215	0.002	0.0098	0.0	0.0	0.002	0.002	0.002	0.0273	0.0	0.002	0.0	0.0645	0.0	0.0059
Lamiaceae	0.0326	0.0057	0.0062	0.0152	0.0244	0.0143	0.0059	0.0185	0.0048	0.0045	0.0013	0.0093	0.0161	0.0377	0.0025	0.0441	0.0023	0.0843	0.0032	0.0068
Phrymaceae	0.0096	0.0	0.0385	0.0	0.0144	0.024	0.0	0.0144	0.0048	0.0	0.0	0.0096	0.0048	0.0577	0.0	0.0096	0.0	0.0337	0.0048	0.0
Oleaceae	0.0205	0.0029	0.0007	0.0029	0.0387	0.0037	0.0095	0.011	0.0475	0.0029	0.0	0.0066	0.0351	0.0438	0.0029	0.0022	0.0007	0.0205	0.0066	0.0351
Scrophulariaceae	0.0183	0.0065	0.0183	0.0075	0.0291	0.0108	0.0065	0.0075	0.0119	0.014	0.0022	0.0075	0.1034	0.0647	0.0065	0.0	0.0011	0.0409	0.0011	0.0054
Berberidaceae	0.0049	0.0049	0.1082	0.0027	0.0324	0.0016	0.0077	0.0088	0.0137	0.0033	0.0055	0.0137	0.0005	0.194	0.0033	0.0022	0.0	0.0451	0.0055	0.011
Pedaliaceae	0.0	0.0	0.0	0.0	0.0156	0.0	0.0	0.0052	0.0625	0.0365	0.0052	0.0	0.0417	0.0156	0.0052	0.0	0.0052	0.0312	0.0156	0.0052
Conocephalaceae	0.0255	0.0127	0.0	0.0064	0.0127	0.0064	0.0127	0.0	0.0	0.0	0.0	0.0	0.0064	0.0318	0.0	0.0	0.0064	0.0573	0.0	0.0
Ricciaceae	0.0303	0.0	0.0	0.0	0.0909	0.0	0.0	0.0303	0.0	0.0	0.0	0.0	0.0	0.0	0.0	0.0	0.0	0.3333	0.0	0.0
Scapaniaceae	0.0183	0.0	0.0	0.0367	0.0	0.0092	0.0092	0.0	0.0	0.0	0.0	0.0	0.0275	0.1101	0.0	0.0	0.0	0.0183	0.0	0.0
Acanthaceae	0.0042	0.0476	0.0125	0.0426	0.015	0.0175	0.01	0.0067	0.0092	0.0033	0.0075	0.0017	0.0284	0.0292	0.0033	0.0125	0.0017	0.096	0.0075	0.0092
Calyceraceae	0.0714	0.0357	0.0	0.0	0.0357	0.0	0.0714	0.0714	0.0714	0.0	0.0	0.0	0.0	0.0357	0.0	0.0	0.0	0.0	0.0	0.0
Sphenocleaceae	0.0131	0.0	0.0	0.0	0.0131	0.0	0.0131	0.0	0.0	0.0065	0.0	0.0	0.0065	0.0458	0.0131	0.0	0.0	0.0392	0.0131	0.0196
Stilbaceae	0.0	0.0	0.0	0.0	0.0	0.0	0.0	0.0	0.0	0.0	0.0	0.0	0.2353	0.1176	0.0	0.0	0.0	0.0	0.0	0.0
Metteniusaceae	0.0	0.0	0.0	0.0	0.0	0.0	0.0	0.0	0.1	0.0	0.0	0.0	0.0	0.0	0.0	0.0	0.0	0.0	0.0	0.0
Lentibulariaceae	0.0154	0.0154	0.0	0.0	0.0	0.0923	0.0	0.0	0.0	0.0	0.0	0.0	0.1231	0.2	0.0	0.0	0.0	0.2	0.0154	0.0
Aspleniaceae	0.0	0.0	0.0	0.0	0.0043	0.0129	0.0	0.0	0.0086	0.0	0.0043	0.0043	0.0	0.1422	0.0	0.0	0.0043	0.0474	0.0	0.0
Caprifoliaceae	0.0155	0.0117	0.0064	0.0005	0.0672	0.0155	0.0053	0.016	0.0117	0.0037	0.0027	0.0059	0.0961	0.0491	0.0059	0.0	0.0011	0.0363	0.0085	0.0117
Adoxaceae	0.0257	0.008	0.0257	0.0257	0.0658	0.008	0.0241	0.0144	0.0144	0.0032	0.0	0.0209	0.061	0.0514	0.0016	0.0	0.0	0.0096	0.0048	0.0241
Asteraceae	0.0183	0.0119	0.0103	0.0082	0.0245	0.0134	0.0104	0.0151	0.0059	0.0049	0.0042	0.006	0.0023	0.0852	0.0028	0.007	0.0045	0.0514	0.0018	0.0153
Hamamelidaceae	0.0083	0.0833	0.0	0.025	0.0083	0.0	0.0	0.0	0.0	0.0	0.0167	0.0	0.0	0.0667	0.0083	0.0	0.0	0.0	0.0	0.0
Cornaceae	0.0045	0.0656	0.095	0.0	0.0204	0.0	0.0136	0.0	0.0	0.0271	0.0023	0.0045	0.0452	0.0656	0.0	0.0023	0.0	0.0113	0.0136	0.009
Griseliniaceae	0.0	0.0	0.0	0.0	0.0303	0.0	0.0	0.0	0.0	0.0	0.0	0.0	0.0303	0.0909	0.0	0.0	0.0303	0.0	0.0	0.0303
Acoraceae	0.0217	0.0	0.0031	0.0	0.0093	0.0	0.0	0.0217	0.0155	0.0124	0.0	0.0776	0.0	0.0124	0.0062	0.0	0.0031	0.0093	0.0031	0.0
Malpighiaceae	0.0104	0.0208	0.0	0.0	0.0625	0.0	0.0312	0.0104	0.0104	0.0	0.0	0.0	0.0	0.1458	0.0	0.0	0.0	0.0	0.0	0.0312
Polygalaceae	0.0164	0.0016	0.0131	0.0	0.1015	0.0	0.0	0.0098	0.0016	0.0016	0.0	0.0016	0.0016	0.0524	0.0065	0.0	0.0	0.0409	0.0	0.0049
Garryaceae	0.0118	0.0118	0.0	0.0	0.0	0.0235	0.0118	0.0	0.0235	0.0	0.0	0.0	0.0588	0.1529	0.0	0.0941	0.0	0.0471	0.0	0.0
Nyssaceae	0.0167	0.0167	0.0	0.0	0.0167	0.0	0.0167	0.0167	0.0167	0.0	0.0333	0.0167	0.0	0.0667	0.0	0.0	0.0	0.0	0.0167	0.0833
Aquifoliaceae	0.0434	0.0019	0.0	0.0	0.166	0.0038	0.0075	0.0226	0.0019	0.0	0.0	0.0038	0.0019	0.0679	0.0	0.0	0.0019	0.0528	0.0	0.0113
Celastraceae	0.0091	0.0011	0.0076	0.0131	0.0494	0.0055	0.0345	0.0058	0.008	0.0011	0.0	0.0102	0.0022	0.04	0.0	0.0062	0.0069	0.0105	0.0476	0.0022
Dichapetalaceae	0.0	0.0	0.0	0.0	0.0	0.0	0.0769	0.0	0.0	0.0	0.0	0.0	0.0	0.0	0.0	0.0	0.0	0.0	0.0	0.0
Icacinaceae	0.0	0.0	0.0	0.0	0.0339	0.0	0.0	0.0	0.0339	0.0	0.0	0.0678	0.0	0.0339	0.0	0.0	0.0	0.0	0.0169	0.0
Salvadoraceae	0.0213	0.0	0.0	0.0	0.0	0.0	0.0	0.0213	0.0426	0.0	0.0	0.0	0.0	0.0	0.0213	0.0	0.0	0.0	0.0	0.0
Proteaceae	0.0205	0.0	0.0041	0.0123	0.0164	0.0	0.0041	0.0123	0.0	0.0	0.0041	0.0	0.0082	0.0779	0.0082	0.0	0.0	0.0164	0.0	0.0205
Primulaceae	0.0151	0.0048	0.0089	0.0076	0.1464	0.0426	0.0082	0.0076	0.0082	0.0034	0.0082	0.0048	0.0041	0.1223	0.0014	0.0	0.0007	0.0454	0.0041	0.0096
Ericaceae	0.011	0.0038	0.0067	0.0048	0.0248	0.0182	0.011	0.0148	0.0024	0.001	0.0019	0.0033	0.0067	0.1271	0.0	0.0115	0.0029	0.0196	0.0014	0.0148
Sarraceniaceae	0.0	0.0	0.0	0.0	0.0566	0.0943	0.0566	0.0	0.0	0.0	0.0	0.0	0.0566	0.0566	0.0	0.0	0.0	0.0189	0.0	0.0
Droseraceae	0.0374	0.0107	0.0	0.0	0.0	0.016	0.0	0.0374	0.0	0.0	0.0	0.0	0.0	0.1176	0.0	0.0	0.0	0.1604	0.0	0.0
Meliaceae	0.0054	0.0299	0.0051	0.0091	0.0348	0.008	0.0134	0.004	0.0068	0.0034	0.0046	0.0097	0.0006	0.0328	0.0029	0.0017	0.0057	0.0134	0.0014	0.0094
Nepenthaceae	0.0	0.0	0.0	0.0	0.0	0.0	0.0	0.0	0.0	0.0	0.0	0.0	0.0	0.2222	0.0	0.0	0.0	0.0	0.0	0.0
Campanulaceae	0.0138	0.0052	0.0017	0.0	0.0723	0.0086	0.0103	0.0138	0.0138	0.0017	0.0069	0.0052	0.0017	0.0706	0.0052	0.0034	0.0	0.0379	0.0086	0.0086
Daphniphyllaceae	0.0	0.0109	0.0	0.0	0.0055	0.0	0.0	0.0	0.0	0.0	0.0	0.0109	0.071	0.0765	0.0	0.0273	0.0	0.0219	0.0109	0.0
Zygophyllaceae	0.0	0.0	0.0	0.0	0.0887	0.004	0.0081	0.0	0.0	0.004	0.0	0.0161	0.0	0.3226	0.004	0.0	0.004	0.0323	0.0	0.0
Eucommiaceae	0.0144	0.0072	0.0	0.0	0.0144	0.0	0.0144	0.0	0.1223	0.0	0.0144	0.0288	0.1871	0.0863	0.0288	0.0	0.0	0.0216	0.0	0.0
Platanaceae	0.0	0.0	0.0	0.0	0.0	0.0526	0.0526	0.0	0.0	0.0	0.0	0.0	0.0	0.4211	0.0	0.0	0.0	0.0263	0.0	0.0263
Trochodendraceae	0.0	0.0	0.0	0.0	0.2105	0.0	0.1053	0.0	0.0526	0.0	0.0	0.0	0.0	0.0	0.0	0.0	0.0	0.0	0.0	0.0
Nymphaeaceae	0.0	0.0308	0.0	0.0	0.0	0.0077	0.0	0.0	0.0	0.0	0.0	0.0154	0.0	0.1769	0.0	0.0	0.0	0.0077	0.0077	0.0
Petiveriaceae	0.0	0.0	0.0	0.0	0.0	0.0678	0.0	0.0	0.0	0.0	0.0	0.0	0.0	0.1186	0.0	0.0	0.0	0.0169	0.0	0.0
Nelumbonaceae	0.0114	0.0114	0.0868	0.0023	0.0068	0.0	0.0023	0.0091	0.0	0.0	0.0	0.0	0.0023	0.0548	0.0046	0.0046	0.0046	0.0091	0.0	0.0046
Plumbaginaceae	0.0	0.0179	0.0	0.0036	0.0036	0.0071	0.0107	0.0036	0.0036	0.0	0.0	0.0	0.0143	0.1893	0.0036	0.0	0.0071	0.0286	0.0	0.025
Alismataceae	0.0047	0.0047	0.0	0.061	0.0047	0.0094	0.0047	0.0047	0.0	0.0	0.0	0.0	0.0	0.0798	0.0	0.0141	0.0	0.0282	0.0	0.0047
Araceae	0.0208	0.0052	0.0026	0.0	0.0221	0.0104	0.0026	0.013	0.0195	0.0026	0.0065	0.0156	0.0	0.0377	0.0065	0.0	0.0	0.0403	0.0052	0.0013
Poaceae	0.0058	0.001	0.0014	0.0053	0.0048	0.0014	0.0026	0.007	0.0046	0.001	0.0012	0.0029	0.0002	0.0178	0.0075	0.0113	0.0017	0.0358	0.0058	0.0063
Hyacinthaceae	0.0129	0.009	0.0	0.0013	0.0425	0.0051	0.0142	0.0116	0.009	0.0039	0.0077	0.0051	0.0039	0.0206	0.0013	0.0103	0.0013	0.0399	0.0	0.0064
Cyperaceae	0.0134	0.0022	0.0134	0.0022	0.0201	0.0246	0.0045	0.0045	0.0022	0.0045	0.0112	0.0022	0.0	0.0938	0.0045	0.0	0.0067	0.0804	0.0089	0.0067
Bromeliaceae	0.0	0.0	0.0	0.0	0.0	0.0135	0.0	0.0045	0.0	0.0	0.0	0.0	0.0	0.0631	0.0045	0.0045	0.0	0.0315	0.0045	0.0
Marantaceae	0.0455	0.0	0.0	0.0606	0.0	0.0455	0.0	0.0076	0.0076	0.0	0.0	0.0227	0.0	0.1061	0.0	0.0	0.0	0.0	0.0	0.0
Cannaceae	0.0	0.0	0.0	0.0	0.0	0.0	0.0	0.0909	0.0	0.0	0.0	0.0	0.0	0.0	0.0	0.0	0.0	0.0	0.0	0.0
Costaceae	0.0	0.0	0.0	0.0	0.0208	0.0	0.0	0.0208	0.0	0.0	0.0	0.0	0.0	0.1458	0.0	0.0	0.0	0.0	0.0	0.0
Musaceae	0.0	0.0058	0.0058	0.0	0.0	0.0	0.0	0.0	0.0	0.0	0.0	0.0058	0.0	0.0	0.0233	0.0	0.0	0.0	0.0058	0.0
Zingiberaceae	0.0449	0.0011	0.0114	0.0196	0.0016	0.0063	0.0008	0.0468	0.0019	0.0003	0.0	0.0065	0.0016	0.0365	0.0016	0.0041	0.0063	0.0174	0.0019	0.0049
Amaryllidaceae	0.0035	0.0132	0.0704	0.0048	0.0177	0.0122	0.0068	0.0061	0.0019	0.001	0.0035	0.0106	0.0051	0.0633	0.0019	0.0032	0.0013	0.0158	0.0061	0.0055
Dioscoreaceae	0.0012	0.0406	0.007	0.0	0.007	0.0023	0.0081	0.0035	0.007	0.0023	0.0046	0.007	0.007	0.0383	0.0	0.0012	0.0	0.0128	0.0035	0.0081
Hypoxidaceae	0.0045	0.0045	0.0543	0.0	0.0	0.0181	0.0	0.0	0.0	0.0	0.0226	0.0271	0.0	0.0136	0.0	0.0317	0.0	0.0317	0.0	0.0
Liliaceae	0.0023	0.0046	0.0171	0.0057	0.0103	0.0091	0.0023	0.0057	0.0046	0.0011	0.0	0.0216	0.0	0.0695	0.0	0.0114	0.0	0.0182	0.0	0.0011
Smilacaceae	0.0058	0.0029	0.0	0.0	0.0173	0.0086	0.0	0.0	0.0029	0.0086	0.0	0.0029	0.0	0.0403	0.0029	0.0	0.0	0.0375	0.0	0.0058
Arecaceae	0.0085	0.0099	0.0127	0.007	0.0014	0.0028	0.0056	0.0014	0.007	0.0	0.0014	0.0028	0.0028	0.0901	0.0014	0.0127	0.0	0.0592	0.007	0.007
Pandanaceae	0.0112	0.0037	0.0	0.0	0.0075	0.0	0.0	0.0	0.0562	0.0037	0.0	0.0	0.0	0.0487	0.0	0.0	0.0	0.0749	0.0	0.0524
Typhaceae	0.0	0.0207	0.0	0.0	0.0124	0.0166	0.0207	0.0041	0.0	0.0	0.0	0.0	0.0	0.1826	0.0	0.0	0.0	0.0083	0.0	0.0041
Commelinaceae	0.0	0.0145	0.0	0.0	0.0145	0.0	0.0	0.0	0.0145	0.0145	0.0	0.0	0.0	0.0725	0.0145	0.0	0.0	0.1159	0.0	0.0145
Orchidaceae	0.0044	0.0027	0.0053	0.012	0.0089	0.0066	0.0053	0.0066	0.0102	0.0177	0.0053	0.0097	0.004	0.0363	0.0018	0.0004	0.0009	0.0213	0.0004	0.0137
Stemonaceae	0.0	0.0	0.0041	0.0	0.0	0.0	0.0041	0.0041	0.0041	0.0041	0.0083	0.0	0.0	0.0	0.0	0.0	0.0	0.0	0.0	0.0041
Melanthiaceae	0.0018	0.0018	0.0	0.0	0.0018	0.0	0.0018	0.0036	0.0	0.0	0.0	0.0	0.0	0.032	0.0	0.0	0.0036	0.0089	0.0018	0.016
Cynomoriaceae	0.0	0.0222	0.0	0.0	0.0	0.0	0.0	0.0	0.0	0.0	0.0	0.0	0.0	0.0222	0.0	0.0	0.0	0.0	0.0111	0.0
Asphodelaceae	0.009	0.0049	0.027	0.0025	0.0057	0.0082	0.0016	0.009	0.0016	0.107	0.0074	0.0033	0.0008	0.0523	0.0008	0.0	0.0008	0.0343	0.0041	0.0057
Podostemaceae	0.0	0.0	0.0	0.0	0.0	0.0	0.0	0.0	0.0	0.0145	0.029	0.0	0.0	0.0	0.029	0.0	0.0	0.0	0.0	0.0145
Bartramiaceae	0.0	0.3467	0.0	0.0	0.0	0.0	0.0	0.0	0.0	0.0	0.0533	0.0	0.0	0.08	0.0	0.0	0.0	0.24	0.0133	0.0
Hypnaceae	0.0	0.0	0.0	0.0	0.0	0.0278	0.0	0.0	0.0	0.0	0.0	0.0	0.0	0.0833	0.0	0.0	0.0	0.0	0.0	0.0
Plagiochilaceae	0.0972	0.0	0.0	0.0	0.0	0.0	0.0139	0.0	0.0	0.0	0.0	0.0	0.0	0.0	0.0139	0.0	0.0	0.0694	0.0	0.0
Trichocoleaceae	0.0	0.0	0.0	0.0	0.0	0.0	0.0	0.1389	0.0	0.0	0.0	0.0	0.0	0.0	0.0	0.0	0.0	0.0	0.0	0.0
Haemodoraceae	0.0	0.0	0.0	0.0	0.0	0.0323	0.0	0.0	0.0	0.0	0.0	0.0	0.0	0.0323	0.0	0.0	0.0	0.0	0.0	0.0323
Juncaginaceae	0.0	0.4627	0.0	0.0	0.0448	0.0149	0.0299	0.0	0.0149	0.0	0.0299	0.0	0.0	0.0299	0.0	0.0	0.0	0.0149	0.0	0.0149
Posidoniaceae	0.0105	0.0211	0.0316	0.0	0.0	0.0	0.0	0.0	0.0105	0.0	0.0	0.2	0.0	0.0105	0.0	0.0	0.0	0.0	0.0	0.0105
Clusiaceae	0.0101	0.0233	0.0069	0.0006	0.0208	0.0416	0.0145	0.0107	0.0006	0.0038	0.005	0.0006	0.0032	0.0391	0.0006	0.0006	0.005	0.0605	0.0013	0.0044
Ochnaceae	0.0	0.0	0.0	0.0	0.0	0.1594	0.0	0.0	0.0	0.0	0.0	0.0	0.0	0.0	0.0	0.0	0.0	0.2609	0.0	0.0
Alstroemeriaceae	0.0	0.0	0.0	0.0	0.0	0.0	0.0	0.0	0.0	0.0	0.0	0.0	0.0	0.0	0.0	0.0	0.0182	0.0	0.0182	0.0
Lunulariaceae	0.0	0.0	0.0	0.0	0.1111	0.0	0.0	0.0	0.0	0.0	0.0	0.0	0.0	0.1111	0.0	0.0	0.0	0.2222	0.0	0.0
Monocleaceae	0.0	0.0	0.0	0.0	0.1111	0.0	0.1111	0.0	0.0	0.0	0.0	0.0	0.0	0.0	0.0	0.0	0.0	0.3889	0.0	0.0
Herbertaceae	0.0	0.0	0.0	0.0	0.0	0.0	0.0	0.0256	0.0	0.0	0.0	0.0	0.0	0.0	0.0	0.0	0.0128	0.0	0.0	0.0
Porellaceae	0.0085	0.0	0.0	0.0085	0.0508	0.0	0.0847	0.0	0.0085	0.0	0.0	0.0169	0.0	0.0085	0.0	0.0	0.0	0.0085	0.0	0.0
Phellinaceae	0.0	0.0	0.0312	0.0	0.0	0.0	0.0	0.0	0.0	0.0	0.0	0.0	0.0	0.375	0.0	0.0	0.0	0.0312	0.0	0.0
Limeaceae	0.3077	0.0	0.0	0.0	0.0	0.0	0.0	0.0256	0.0	0.0	0.0	0.0256	0.0256	0.0256	0.0	0.0	0.0	0.0	0.0	0.0513
Hypericaceae	0.0164	0.0158	0.0023	0.0051	0.0107	0.0051	0.0085	0.0096	0.0051	0.0305	0.0028	0.004	0.0034	0.1114	0.0028	0.0006	0.0017	0.0311	0.0011	0.0062
Peraceae	0.0	0.0	0.0	0.0	0.0	0.0	0.0	0.0	0.0	0.0	0.0	0.0	0.0	0.0	0.0	0.0	0.0	0.1429	0.0	0.5714
Ancistrocladaceae	0.0	0.0	0.5495	0.0	0.0	0.0	0.0	0.0	0.011	0.0	0.0	0.0	0.0	0.011	0.0	0.0	0.0	0.0	0.0	0.022
Dioncophyllaceae	0.0	0.0	0.5385	0.0	0.0	0.0	0.0	0.0	0.0	0.0	0.0	0.0	0.0	0.1538	0.0	0.0	0.0	0.0385	0.0	0.0
Rhabdodendraceae	0.0	0.0	0.0	0.0	0.1379	0.0	0.0	0.0	0.0	0.0	0.0	0.0	0.0	0.0	0.0	0.0	0.0	0.0	0.0	0.0
Tamaricaceae	0.0205	0.0923	0.0615	0.0154	0.0	0.0154	0.0	0.0205	0.0051	0.0	0.0	0.0	0.0	0.1897	0.0	0.0	0.0205	0.0513	0.0	0.0051
Targioniaceae	0.0833	0.0	0.0	0.0	0.1667	0.0	0.0	0.0	0.0	0.0	0.0	0.0	0.0	0.25	0.0	0.0	0.0	0.0	0.0	0.0
Gomortegaceae	0.0	0.1538	0.0	0.0	0.0385	0.0	0.0	0.0	0.0	0.0	0.0	0.0	0.0	0.0385	0.0	0.0	0.0	0.0	0.0	0.0385
Lejeuneaceae	0.0333	0.0	0.0	0.3667	0.0	0.0	0.0	0.0	0.0	0.0	0.0	0.0	0.0	0.0	0.0	0.0333	0.0	0.0667	0.0	0.0
Bixaceae	0.0	0.0541	0.0	0.0	0.0	0.0541	0.0541	0.027	0.0	0.0	0.0	0.0	0.0	0.0	0.0	0.0	0.0	0.1081	0.0	0.0
Krameriaceae	0.0	0.0	0.0	0.0	0.0	0.0	0.0	0.0	0.0	0.0	0.0	0.2037	0.0	0.037	0.0	0.0	0.0	0.0	0.0	0.0
Aulacomniaceae	0.0	0.2059	0.0	0.0	0.0	0.0	0.1765	0.0294	0.0	0.0	0.0	0.0	0.0	0.2059	0.0	0.0	0.0	0.1471	0.0	0.0
Lygodiaceae	0.0	0.0	0.0	0.0	0.0217	0.0	0.0	0.0217	0.0	0.0217	0.0	0.0	0.0	0.1304	0.0652	0.0	0.0	0.0652	0.0	0.0
Cibotiaceae	0.0	0.0	0.0	0.0	0.0	0.0147	0.0	0.0	0.0	0.0147	0.0	0.0	0.0147	0.0882	0.0	0.0	0.0	0.0147	0.0	0.0
Onocleaceae	0.0	0.0	0.0105	0.0105	0.0	0.1053	0.0	0.0105	0.0105	0.0	0.0105	0.0	0.0	0.0316	0.0	0.0	0.0	0.0316	0.0105	0.0
Cistaceae	0.031	0.0028	0.0	0.0338	0.0085	0.0	0.0	0.0197	0.0	0.0	0.0	0.0	0.0	0.1915	0.0	0.0	0.0	0.0338	0.0	0.0028
Ptilidiaceae	0.0	0.0	0.0	0.0	0.0519	0.0	0.0779	0.0	0.0	0.0	0.0	0.0	0.0	0.0519	0.0	0.0	0.0	0.0	0.0	0.013
Calophyllaceae	0.0028	0.0014	0.0014	0.0	0.0069	0.0083	0.0041	0.0028	0.0028	0.0	0.0	0.0	0.0	0.0317	0.0014	0.0014	0.0055	0.0303	0.0	0.2083
Caryocaraceae	0.0	0.131	0.0	0.0	0.5833	0.0	0.0119	0.0	0.0	0.0	0.0	0.0119	0.0	0.0119	0.0	0.0	0.0	0.0119	0.0	0.0476
Xyridaceae	0.0476	0.0238	0.0	0.0	0.119	0.0	0.0714	0.0476	0.0476	0.0476	0.0	0.0	0.0	0.0	0.0	0.0	0.0	0.0	0.0	0.0
Leucobryaceae	0.0	0.0	0.0	0.0	0.1875	0.3125	0.0625	0.0	0.0	0.0	0.0	0.0	0.0	0.0	0.0	0.0	0.0	0.1875	0.0	0.0
Balanopaceae	0.0674	0.0	0.0	0.0674	0.0	0.0	0.0	0.0112	0.0112	0.0	0.0	0.0337	0.0	0.0562	0.0	0.0	0.0	0.0	0.0	0.0
Gelsemiaceae	0.0	0.0139	0.0139	0.0	0.0139	0.0	0.0	0.0	0.0	0.0	0.0	0.0	0.1806	0.0	0.0	0.0	0.0	0.0	0.0	0.0139
Picramniaceae	0.0	0.0	0.0	0.0	0.0	0.0	0.0244	0.0	0.0	0.7317	0.0	0.0	0.0	0.0	0.0	0.0	0.0	0.0	0.0	0.0976
Francoaceae	0.0	0.0256	0.0256	0.0	0.0342	0.0	0.0171	0.0	0.0	0.0	0.0	0.0	0.0	0.0256	0.0	0.0	0.0	0.0085	0.0	0.0171
Stachyuraceae	0.0357	0.4286	0.0357	0.0	0.0714	0.0	0.0	0.0	0.0	0.0	0.0	0.0	0.0	0.1429	0.0	0.0	0.0	0.1071	0.0	0.0
Staphyleaceae	0.0	0.1	0.0375	0.0	0.0125	0.0125	0.0	0.0	0.0	0.0	0.0	0.0	0.0	0.0625	0.0	0.0	0.0	0.0375	0.0	0.0125
Atherospermataceae	0.0	0.0	0.4651	0.0	0.0	0.0	0.0	0.0	0.0	0.0	0.0	0.0	0.0	0.0	0.0	0.0	0.0233	0.0	0.0	0.0
Lanariaceae	0.0	0.0	0.0	0.0	0.0	0.0	0.0	0.0	0.0	0.2143	0.0	0.0	0.0	0.0	0.0	0.0	0.0	0.0714	0.0	0.1429
Altingiaceae	0.0536	0.0893	0.0	0.0	0.0893	0.0179	0.0179	0.0179	0.0	0.0	0.0179	0.0	0.0179	0.0893	0.0	0.0	0.0	0.0	0.0	0.0
Biebersteiniaceae	0.0	0.0	0.0	0.0	0.0	0.0	0.0	0.0	0.0	0.0	0.0	0.0	0.0	0.0	0.0	0.0	0.0	0.7895	0.0	0.1053
Nitrariaceae	0.0097	0.0	0.0	0.0	0.0	0.0	0.0097	0.0	0.0	0.0	0.0	0.0	0.0097	0.0777	0.0485	0.0	0.0194	0.0583	0.0	0.0
Muntingiaceae	0.0	0.0222	0.0	0.0	0.0444	0.0667	0.0222	0.0	0.0	0.0	0.0	0.0222	0.0	0.2	0.0	0.0	0.0	0.1333	0.0	0.0
Orobanchaceae	0.0059	0.0254	0.0195	0.0	0.011	0.0051	0.0051	0.0042	0.0203	0.0051	0.0034	0.0254	0.1261	0.0212	0.0051	0.0059	0.0008	0.0296	0.0085	0.0025
Sciadopityaceae	0.0	0.0	0.0	0.0755	0.0189	0.0	0.0	0.0	0.0	0.0	0.0	0.0	0.0189	0.0189	0.0	0.0	0.0	0.1509	0.0	0.0
Schistochilaceae	0.0833	0.0	0.0	0.0	0.0	0.0	0.0	0.0	0.0	0.0	0.0	0.0	0.0	0.0	0.0	0.0	0.0	0.0	0.0	0.0
Dumortieraceae	0.0	0.0	0.0	0.0	0.0165	0.0083	0.0	0.0331	0.0	0.0	0.0	0.0	0.0	0.0579	0.0	0.0	0.0	0.0165	0.0	0.0
Lophocoleaceae	0.0	0.0	0.0	0.0	0.0	0.0	0.0	0.0	0.027	0.0	0.0	0.0	0.0	0.0	0.0	0.0	0.0	0.0	0.0	0.0
Solenostomataceae	0.0094	0.0	0.0	0.0094	0.0472	0.0	0.0755	0.0	0.0094	0.0	0.0	0.0189	0.0	0.0	0.0	0.1981	0.0094	0.0094	0.0	0.0
